341812000,AsString
341812000,AnonymousIteratorV3
341812000,BatchDatasetV2
341812000,BroadcastGradientArgs
341812000,ConcatOffset
341812000,ExternalDataset
341812000,IteratorGetNextAsOptional
341812000,MakeIterator
341812000,MapDataset
341812000,OptionalGetValue
341812000,OptionalHasValue
341812000,ParseExampleV2
341812000,RestoreV2
341812000,ReduceDataset
341812000,ReluGrad
341812000,Relu6
341812000,SaveSlices
341812000,ShapeN
341812000,Split
341812000,StridedSliceGrad
341812000,StringToHashBucketFast
341812000,TakeDataset
341812000,_TensorToHashBucketFast
341912000,L2Loss